Strategy,Delay,Total Return,Annualized Volatility,Annualized Return,Sharpe Ratio,Max Drawdown
Primary Strategy,1,2.322251336709507,0.14784459654529514,0.06011334837936522,0.4690033746475192,-0.3241595011881516
Primary Strategy,2,3.417072224933336,0.14909248472337053,0.07491174593160466,0.5593744687014112,-0.3233608705124137
Primary Strategy,3,2.069694325841486,0.15033483783077775,0.05606815305741342,0.43830608265403526,-0.33090976145006556
Secondary Strategy,1,2.5408701935164975,0.11027373100765087,0.06340328504007764,0.6127498246343722,-0.27879511497815457
Tertiary Strategy,1,2.194061117080028,0.1278653130381914,0.06327241663124816,0.5439621677290957,-0.300542074684644
Buy and Hold,0,4.3500084217618245,0.1917932141251514,0.08460111644794388,0.5194626341024591,-0.5647367075664624
Equal Weighted,0,3.067025647634466,0.09016347595537733,0.07029575080794626,0.7986400610073827,-0.21860660370346752
